email,name,family_size,district,address,last_category,last_contact,notes
fatima.hassan.90@gmail.com,Фатима Хасан,4,Süd,Kaiserstraße 33 / Кайзерштрассе 33,education,15.03.2026,"Сын Юсуф (4 г.) и дочь Айша (7 л.). Сирийский беженец. Статус: Aufenthaltserlaubnis §25 AufenthG. Язык: арабский / русский (базовый)."
i.kovalenko.nrw@gmail.com,Иван Коваленко,4,West,Bismarckstraße 12 / Бисмаркштрассе 12,,,Новый клиент. Украинец. Временная защита §24 AufenthG. Супруга Оксана + дети 2 и 6 лет.
m.petrova.neustadt@mail.ru,Мария Петрова,1,Mitte,Goethestraße 7 / Гётештрассе 7,documents,10.01.2026,"Россиянка. Aufenthaltserlaubnis истекает 05.07.2026 (!). Работает переводчиком (фриланс). Нем. язык: B2."
nguyen.h.de@web.de,Нгуен Хонг,2,Ost,Lindenallee 45 / Линденаллее 45,unclear,01.04.2026,"Вьетнамец. Niedergelassener Ausländer. Слабое владение немецким и русским. Язык: вьетнамский."
z.yilmaz.nst@gmail.com,Зейнеп Йылмаз,3,Nord,Hauptstraße 78 / Хауптштрассе 78,education,20.04.2026,"Турчанка. Статус: воссоединение семьи. Сын Мурат (3 г.). Язык: турецкий / нем. А2."
o.bondarenko22@gmail.com,Олена Бондаренко,5,West,Gartenstraße 15 / Гартенштрассе 15,work,05.05.2026,"Украинка. Временная защита. ИТ-специалист (разработчик ПО). Трое детей: 5, 8 и 12 лет. Язык: укр. / рус. / англ. C1."
a.alrashid.de@gmail.com,Ахмед Аль-Рашид,6,Süd,Waldstraße 33 / Вальдштрассе 33,medical,22.02.2026,"Иракец. Niederlassungserlaubnis. Сахарный диабет II типа. Нужна помощь с направлением к эндокринологу. Нем. язык: B1."
n.werner.nst@gmail.com,Наталья Вернер,2,Mitte,Am Stadtpark 6 / Ам Штадтпарк 6,leisure,12.04.2026,"Русско-немецкая семья. Муж — немец (Михаэль Вернер). Ищет русскоязычный досуговый центр для детей."
k.nowak.de@gmail.com,Катажина Новак,3,Nord,Schillerstraße 8 / Шиллерштрассе 8,work,08.04.2026,"Польская семья. Гражданин ЕС. Муж Кшиштоф + сын (9 л.). Признание диплома медсестры — в процессе."
